{
  "19 Morris Ave, Brooklyn, NY 11205": [
    40.6987989,
    -73.9747153
  ],
  "15 Washington St., Brooklyn, NY 11205": [
    40.7035638,
    -73.9893629
  ]
}